Redirect 301 /d/en/index.html http://www.innocellence.com/d/index.html
Redirect 301 /d/en/about/contact.html http://www.innocellence.com/d/en/contact/index.html
Redirect 301 /d/en/contact-us/ http://www.innocellence.com/d/en/contact/index.html
Redirect 301 /d/en/about/capabilities.html http://www.innocellence.com/d/en/capabilities/index.html
Redirect 301 /d/en/who-we-are/ http://www.innocellence.com/d/en/about/index.html
Redirect 301 /d/en/what-we-do/user-experience.html http://www.innocellence.com/d/en/capabilities/design_user_experience.html
Redirect 301 /company/innovation_consulting http://www.innocellence.com/d/en/capabilities/digital_consultation.html
Redirect 301 /d/en/contact-us/index.html http://www.innocellence.com/d/en/contact/index.html
Redirect 301 /d/en/who-we-are/index.html http://www.innocellence.com/d/en/about/index.html
Redirect 301 /d/en/what-we-do/index.html http://www.innocellence.com/d/en/capabilities/index.html
Redirect 301 /d/en/what-we-do/innovation.html http://www.innocellence.com/d/en/capabilities/digital_consultation.html
Redirect 301 /d/en/what-we-do/solutions.html http://www.innocellence.com/d/en/capabilities/mobile_solutions.html
Redirect 301 /d/en/what-we-do/solutions.html http://www.innocellence.com/d/en/capabilities/mobile_solutions.html
Redirect 301 /d/en/what-we-do/applications.html http://www.innocellence.com/d/en/capabilities/website_application_development.html
Redirect 301 /d/en/privacy/index.html http://www.innocellence.com/d/en/corporate/privacy.html
Redirect 301 /d/en/disclaimer/index.html http://www.innocellence.com/d/en/corporate/terms.html
Redirect 301 /d/en/showcase/index.html http://www.innocellence.com/d/en/about/index.html
Redirect 301 /d/en/who-we-are/presence.html http://www.innocellence.com/d/en/about/index.html
Redirect 301 /d/en/who-we-are/management.html http://www.innocellence.com/d/en/about/index.html
Redirect 301 /d/en/who-we-are/about-you.html http://www.innocellence.com/d/en/about/index.html

Redirect 301 /d/cn/about/contact.html http://www.innocellence.com/d/cn/contact/index.html
Redirect 301 /d/cn/contact-us/ http://www.innocellence.com/d/cn/contact/index.html
Redirect 301 /d/cn/about/capabilities.html http://www.innocellence.com/d/cn/capabilities/index.html
Redirect 301 /d/cn/who-we-are/ http://www.innocellence.com/d/cn/about/index.html
Redirect 301 /d/cn/what-we-do/user-experience.html http://www.innocellence.com/d/cn/capabilities/design_user_experience.html
Redirect 301 /company/innovation_consulting http://www.innocellence.com/d/cn/capabilities/digital_consultation.html
Redirect 301 /d/cn/contact-us/index.html http://www.innocellence.com/d/cn/contact/index.html
Redirect 301 /d/cn/who-we-are/index.html http://www.innocellence.com/d/cn/about/index.html
Redirect 301 /d/cn/what-we-do/index.html http://www.innocellence.com/d/cn/capabilities/index.html
Redirect 301 /d/cn/what-we-do/innovation.html http://www.innocellence.com/d/cn/capabilities/digital_consultation.html
Redirect 301 /d/cn/what-we-do/solutions.html http://www.innocellence.com/d/cn/capabilities/mobile_solutions.html
Redirect 301 /d/cn/what-we-do/solutions.html http://www.innocellence.com/d/cn/capabilities/mobile_solutions.html
Redirect 301 /d/cn/what-we-do/applications.html http://www.innocellence.com/d/cn/capabilities/website_application_development.html
Redirect 301 /d/cn/privacy/index.html http://www.innocellence.com/d/cn/corporate/privacy.html
Redirect 301 /d/cn/disclaimer/index.html http://www.innocellence.com/d/cn/corporate/terms.html
Redirect 301 /d/cn/showcase/index.html http://www.innocellence.com/d/cn/about/index.html
Redirect 301 /d/cn/who-we-are/presence.html http://www.innocellence.com/d/cn/about/index.html
Redirect 301 /d/cn/who-we-are/management.html http://www.innocellence.com/d/cn/about/index.html
Redirect 301 /d/cn/who-we-are/about-you.html http://www.innocellence.com/d/cn/about/index.html